<?xml version="1.0" encoding="UTF-8"?>
<addon
    id="plugin.video.tvdobill"
    name="TV do Bill"
    version="1.0.7"
    provider-name="Bill">

    <requires>
        <import addon="xbmc.python" version="3.0.0"/>
    </requires>

    <extension
        point="xbmc.python.pluginsource"
        library="addon.py">
        <provides>video</provides>
    </extension>

    <extension point="xbmc.service" library="service.py" />

    <extension point="xbmc.addon.metadata">
        <summary>Lista IPTV TV do Bill</summary>
        <description>Addon IPTV com logo e reconexão automática</description>
        <platform>all</platform>
        <assets>
            <icon>icon.png</icon>
            <fanart>fanart.jpg</fanart>
        </assets>
    </extension>
</addon>
